,County,annual_ghg_emissions,annual_operating_cost,total_annual_cost,annual_fuel_use,total_vehicle_count,vehicle_count_bev,vehicle_count_ffv,vehicle_count_sidi,county,state
0,Aitkin_MN,2330480570000.0,380490050.0,7422482300.0,171742756.0,1217268.96,84.63750689905048,15.36249310094952,0.0,Aitkin,MN
1,Alameda_CA,950097510.0,293448.103,3310280.0,108962.43299999999,476.0,23.104792016806723,0.0,76.89520798319327,Alameda,CA
2,Alpine_CA,4144050400.0,881119.3500000001,11305466.8,334471.052,1697.0,44.8182433706541,0.0,55.1817566293459,Alpine,CA
3,Amador_CA,303785344000.0,51318660.8,610417583.0,19722359.3,89172.0006,30.672588722877663,6.659358946803757,62.66805233031858,Amador,CA
4,Anderson_TX,99379312000.0,36533840.5,392125619.0,13458829.63,55340.999500000005,13.355746312460436,0.0,86.64425368753955,Anderson,TX
5,Andrews_TX,27297652400.0,5434401.9799999995,60624463.0,2014261.78,8682.0,20.994894033632804,0.0,79.0051059663672,Andrews,TX
6,Angelina_TX,3987981530000.0,254425851.0,5475785280.0,110784290.0,917890.998,95.39490548528072,4.605094514719274,0.0,Angelina,TX
7,Anoka_MN,32440240000.0,12101791.08,141129414.0,4474888.93,20285.0004,20.56039594655369,0.0,79.43960405344632,Anoka,MN
8,Aransas_TX,74011428100.0,10831802.95,145860265.0,4318790.03,22322.9997,55.27689900923127,6.667582403811078,38.055518586957646,Aransas,TX
9,Archer_TX,1535652500000.0,405529772.0,4743823410.0,153990839.3,689722.998,28.444856930810943,4.3292753883204576,67.2258676808686,Archer,TX
10,Armstrong_TX,45814404942.0,7381414.302999999,81023416.47,2713834.924,11398.999908000002,9.468335018079376,0.5782472895165145,89.9534176924041,Armstrong,TX
11,Atascosa_TX,402075511000.0,67536864.8,799628270.0,25020623.8,115509.0,23.09613536607537,0.0,76.90386463392463,Atascosa,TX
12,Austin_TX,646779880200.0,107306136.1,1154204434.0,39577644.76,160948.9984,4.554801193469247,2.6485790793215647,92.79661972720919,Austin,TX
13,Bailey_TX,74941062000.0,14644455.5,150156163.3,5357392.416999999,20805.99986,3.6005424639082935,0.0,96.3994575360917,Bailey,TX
14,Bandera_TX,1378746443000.0,375906690.5,4278033776.0,140792473.1,616616.006,24.172090660909635,1.9531322383480259,73.87477710074234,Bandera,TX
15,Bastrop_TX,234752029000.0,54041980.1,647740320.0,20270317.9,95132.0,33.912643484842114,0.0,66.0873565151579,Bastrop,TX
16,Baylor_TX,221446650000.0,39470544.5,471762842.0,14640308.3,68357.0,24.64572318855421,0.0,75.3542768114458,Baylor,TX
17,Becker_MN,22880237000.0,9964982.22,102105675.6,3645124.581,14144.00019,3.4486367608002695,0.0,96.55136323919973,Becker,MN
18,Bee_TX,18547359580000.0,2936290500.0,47068290200.0,1374494567.0,7391982.000000001,64.02544946673301,33.79348867462069,2.181061858646301,Bee,TX
19,Bell_TX,277125214900.0,64830875.64,771733548.0,24419136.86,113016.00039999999,32.34258412138959,1.3753799413343955,66.28203593727602,Bell,TX
20,Beltrami_MN,844828506000.0,75927334.0,1347102790.0,30639401.0,218822.00199999998,81.9548621075133,0.0,18.0451378924867,Beltrami,MN
21,Benton_MN,44942914000.0,11751290.9,135665302.0,4380037.34,19670.0,27.360960854092525,0.0,72.63903914590747,Benton,MN
22,Bexar_TX,265900858000.0,52653860.2,613709290.0,19656747.5,89279.0,29.0697252433383,0.0,70.93027475666169,Bexar,TX
23,Big Stone_MN,446200290000.0,110001200.0,1336137130.0,41354183.8,197104.003,36.14201736937834,0.0,63.85798263062167,Big Stone,MN
24,Blanco_TX,11172376120.0,2616405.9510000004,28113640.8,958001.422,3926.0000099999997,5.676612568322434,0.0,94.32338743167757,Blanco,TX
25,Blue Earth_MN,50350431400.0,8010173.51,84716341.5,2944173.04,11887.0002,10.297090766432394,0.0,89.70290923356761,Blue Earth,MN
26,Borden_TX,1010380000000.0,171339821.0,2191231360.0,65001799.0,328583.0,44.32067392409224,0.0,55.67932607590775,Borden,TX
27,Bosque_TX,314885946000.0,54410779.0,795959280.0,22817073.4,124366.99999999999,64.87920750681451,12.62304067799336,22.497751815192135,Bosque,TX
28,Bowie_TX,158261740000.0,20097560.9,264626830.0,7665095.9,40032.0,48.654451438848916,0.0,51.34554856115108,Bowie,TX
29,Brazoria_TX,10954873470000.0,724519087.0,15232653460.0,313947985.0,2555482.031,96.63838641955218,3.3616135804478287,0.0,Brazoria,TX
30,Brazos_TX,138959288000.0,23900713.6,338704609.0,9691433.0,52564.9998,61.95539641189155,7.546958651372429,30.497644936736023,Brazos,TX
31,Brewster_TX,14185873700.0,5435222.55,57703783.3,1998916.01,8109.00003,11.09842430226258,0.0,88.90157569773743,Brewster,TX
32,Briscoe_TX,6168462750000.0,944895850.0,11886981700.0,382232384.0,1761049.99,36.96224091855564,16.786043648880177,46.25171543256418,Briscoe,TX
33,Brooks_TX,1118854648000.0,96695583.0,1791711390.0,43882492.0,292136.004,82.73729245642724,17.262707543572752,0.0,Brooks,TX
34,Brown_MN,183823193000.0,35263430.7,374143339.0,13023188.0,52933.9995,15.975349642718758,0.0,84.02465035728125,Brown_MN,MN
35,Brown_TX,2958280260000.0,1068342504.0,11370986980.0,398762438.0,1596698.0259999998,10.350169995137202,4.254979018806653,85.39485098605614,Brown_TX,TX
36,Burleson_TX,7489373000000.0,1303887480.0,17170580300.0,553221610.0,2597948.0300000003,48.76027485430492,21.96433121104428,29.2753939346508,Burleson,TX
37,Burnet_TX,1550178673000.0,121634010.6,2695319007.0,52349552.0,454532.9973,98.3077274156791,1.6922725843209097,0.0,Burnet,TX
38,Butte_CA,2021432250000.0,240819783.0,3602557000.0,103422992.0,559680.0,59.986937178387656,19.729406089193823,20.283656732418525,Butte,CA
39,Calaveras_CA,684485270000.0,125281309.0,1603081900.0,49065651.8,239664.99599999998,42.224739402494976,7.616842803360405,50.158417794144626,Calaveras,CA
40,Caldwell_TX,2981091720000.0,244235340.0,4443706400.0,112779892.0,716318.0,76.01051767511078,23.989482324889227,0.0,Caldwell,TX
41,Calhoun_TX,1178499455000.0,199311452.1,2344372127.0,76044945.4,344180.003,34.84815182595021,3.441598261593367,61.71024991245642,Calhoun,TX
42,Callahan_TX,5377157740000.0,633455670.0,9517953100.0,273237224.0,1496122.9600000002,67.57685210579216,17.471332035436443,14.951815858771392,Callahan,TX
43,Cameron_TX,1010673330000.0,99366493.0,1503476030.0,39354266.0,237901.99899999998,71.61703588711752,0.0,28.382964112882465,Cameron,TX
44,Camp_TX,144000581000.0,46145955.5,505148996.0,17052507.8,71833.0,17.31880472763215,0.0,82.68119527236786,Camp,TX
45,Carlton_MN,5497652650.0,845898.674,9240641.5,312485.85,1313.00004,16.907435890100963,0.0,83.09256410989904,Carlton,MN
46,Carson_TX,229084984.0,107123.9987,1152403.469,39228.92708,161.0000025,5.903355498395101,0.0,94.0966445016049,Carson,TX
47,Carver_MN,1044024930000.0,104345750.0,1728582750.0,48111311.0,277315.996,76.63268367685505,23.36731632314495,0.0,Carver,MN
48,Cass_MN,1530014687800.0,157485299.64,2692349086.5,64290278.42,438162.00448,84.62130130156557,0.21869479101393396,15.160003907420503,Cass_MN,MN
49,Cass_TX,1179840560000.0,211577199.0,2779286410.0,85603311.0,417684.993,44.29861572737903,14.099784284086066,41.60159998853491,Cass_TX,TX
50,Castro_TX,145498728613.0,24426176.238,269309595.9,9037972.8458,38399.000420000004,18.712920183873887,0.04341029666834228,81.24366951945777,Castro,TX
51,Chambers_TX,71913373000.0,16785049.22,183157414.0,6156926.99,25722.999900000003,8.638712081167485,0.0,91.36128791883252,Chambers,TX
52,Cherokee_TX,6788491930.0,1135584.436,12332575.99,416311.579,1728.99998,7.731728256006109,0.0,92.26827174399389,Cherokee,TX
53,Childress_TX,579182520000.0,199594178.3,2289759647.0,74188030.6,326745.0014,16.53201113056109,2.4624833939387694,81.00550547550014,Childress,TX
54,Chippewa_MN,137164149000.0,37130456.3,424548053.0,13817599.9,61345.0,25.60838210123074,0.0,74.39161789876925,Chippewa,MN
55,Chisago_MN,2824259832000.0,360385590.0,4694624540.0,142755653.0,711435.9909999999,50.447086532061604,6.962681341208672,42.590232126729724,Chisago,MN
56,Clay_MN,227119240000.0,24551980.700000003,398825087.0,11002651.299999999,63097.999899999995,68.32607700454226,23.316959370054455,8.356963625403283,Clay_MN,MN
57,Clay_TX,50150244000.0,18077346.5,205308823.0,6662734.74,29246.0004,15.973238515034694,0.0,84.0267614849653,Clay_TX,TX
58,Clearwater_MN,103216630000.0,11259298.0,159219300.0,6433884.6,22605.0,0.0,0.0,100.0,Clearwater,MN
59,Cochran_TX,2019380530000.0,164697089.0,2983237100.0,92724728.0,461591.0,63.437463035457796,36.562536964542204,0.0,Cochran,TX
60,Coke_TX,217761581000.0,23973490.0,320803307.0,14289264.2,45348.9999,0.0,15.219221846610118,84.78077815338987,Coke,TX
61,Coleman_TX,205222020000.0,30565681.55,434876662.0,17332791.34,62005.0005,3.586288980031538,0.0,96.41371101996846,Coleman,TX
62,Collin_TX,230526480900.0,27395023.17,376566368.0,16551687.99,53647.0,5.309789923015266,22.930482599213377,71.75972747777135,Collin,TX
63,Collingsworth_TX,32581373000.0,3796538.7,51912175.0,2358743.84,7351.0,0.0,30.11638008434227,69.88361991565773,Collingsworth,TX
64,Colorado_TX,387828721000.0,41873866.8,614999200.0,25970180.2,89310.99900000001,18.52212178255894,38.48814634802147,42.98973186941957,Colorado,TX
65,Colusa_CA,159192551000.0,17363834.0,250776565.0,9658292.82,36126.0,12.184778276033882,0.0,87.81522172396612,Colusa,CA
66,Comal_TX,213138076000.0,22929256.6,337829179.0,13672328.0,49370.0,24.12785294713389,28.799453109175616,47.0726939436905,Comal,TX
67,Comanche_TX,502411931000.0,55702029.9,868263920.0,39032851.6,127021.0,21.42733485014289,78.57266514985712,0.0,Comanche,TX
68,Concho_TX,183021048000.0,19327755.8,277668081.0,10824948.22,39855.9999,9.185648106146246,0.0,90.81435189385375,Concho,TX
69,Contra Costa_CA,69342838000.0,8186733.54,120033151.0,5212128.08,17358.000099999997,14.721191296686307,45.31364589633803,39.96516280697568,Contra Costa,CA
70,Cook_MN,260901786000.0,28812674.0,498249300.0,18245198.2,75183.0,43.542073341047846,56.457926658952154,0.0,Cook,MN
71,Cooke_TX,317722912000.0,41355277.3,576192354.0,25338866.12,82314.9999,6.932844447467466,28.653150736382376,64.41400481615017,Cooke,TX
72,Coryell_TX,50092702000.0,6563917.5,85966827.0,3750810.0,12131.0,0.0,0.0,100.0,Coryell,TX
73,Cottle_TX,124381083200.0,31898277.83,455197102.0,23586766.41,64786.0,1.6828143426048838,0.0,98.31718565739511,Cottle,TX
74,Cottonwood_MN,60027191000.0,7994397.300000001,114724579.0,5434810.4,16306.0,0.0,62.155157610695454,37.84484238930455,Cottonwood,MN
75,Crane_TX,409838057000.0,43146846.3,603974557.0,24795734.5,87200.0,16.45370298165138,12.315993119266055,71.23030389908257,Crane,TX
76,Crockett_TX,2567491280000.0,186717720.0,3521168500.0,93222811.0,556057.0,79.25561947785928,20.744380522140716,0.0,Crockett,TX
77,Crosby_TX,115536083900.0,13791678.52,195404649.0,8286526.36,28024.9995,9.395229784036212,23.582967057680055,67.02180315828373,Crosby,TX
78,Crow Wing_MN,177851850000.0,24548420.1,347632069.0,14418748.0,50240.0003,16.555567576300355,19.601538696646863,63.84289372705278,Crow Wing,MN
79,Culberson_TX,103001281600.0,10883569.3,143782479.9,6326540.069999999,20304.0,0.0,6.183958825847123,93.81604117415287,Culberson,TX
80,Dakota_MN,101462798700.0,14256349.5,200679902.0,8015623.2299999995,29112.0004,20.47432576979492,7.7251840103711995,71.80049021983388,Dakota,MN
81,Dallam_TX,163704727000.0,17802346.7,292078209.0,11651371.4,43607.0,36.92833719356984,63.07166280643016,0.0,Dallam,TX
82,Dallas_TX,273065769000.0,26458505.6,427355403.0,15346435.4,64434.0,46.7329841388087,33.75809820902008,19.508917652171213,Dallas,TX
83,Dawson_TX,37216109000.0,4335997.5,59291634.0,2694174.59,8396.0,0.0,30.15247856121963,69.84752143878038,Dawson,TX
84,DeWitt_TX,6235864280000.0,511904847.0,10007639090.0,225286330.0,1607855.99,92.3618663136616,7.6381336863384135,0.0,DeWitt,TX
85,Deaf Smith_TX,89542623000.0,12885339.01,185011019.0,7221944.65,26546.0,8.8664280870941,0.0,91.1335719129059,Deaf Smith,TX
86,Del Norte_CA,144265375200.0,15236449.16,201541163.2,8798523.897,28501.00049,1.2529015959467464,4.568913292910161,94.1781851111431,Del Norte,CA
87,Delta_TX,236380194000.0,21876958.900000002,352859127.0,13579856.1,52761.0004,39.30886989019261,48.837129327820705,11.854000781986688,Delta,TX
88,Denton_TX,190753766000.0,33806834.6,445286836.0,19536316.71,62865.0,0.0,4.057992523661815,95.94200747633819,Denton,TX
89,Dickens_TX,51680210381.3,7094364.14452,100843682.647,4739123.87174,14323.0000144,0.012362035873908167,55.95764638652586,44.02999157760023,Dickens,TX
90,Dimmit_TX,96952474800.0,11523808.360000001,158817801.0,6941055.529999999,22657.0004,6.414011891883094,22.444620250790123,71.14136785732677,Dimmit,TX
91,Dodge_MN,236262852000.0,27118004.4,402618722.0,16280228.8,58932.0,25.081366659879183,31.46706712821557,43.451566211905245,Dodge,MN
92,Donley_TX,27069569500.0,3367816.93,44937998.6,1996238.2799999998,6351.00004,0.0,13.21674121734063,86.78325878265937,Donley,TX
93,Douglas_MN,87786801000.0,9250007.7,130805640.0,5285718.7,18571.0,0.0,0.0,100.0,Douglas,MN
94,Duval_TX,34884906300.0,5116621.875,71262702.8,3243888.4979999997,10127.99993,2.085649007306026,38.2867666548256,59.62758433786838,Duval,TX
95,Eastland_TX,46517269700.0,7991750.09,106663625.4,4558671.56,15159.999940000002,5.307570139739723,2.744969074188532,91.94746078607174,Eastland,TX
96,Ector_TX,23305845000.0,3053890.9,39996436.0,1745080.5,5644.0,0.0,0.0,100.0,Ector,TX
97,Edwards_TX,142296518000.0,17242761.3,264263016.0,11241126.0,38650.999599999996,22.297065507201008,56.141194857997945,21.561739634801068,Edwards,TX
98,El Dorado_CA,26918784900.0,4350572.43,58193481.7,2591052.8,8226.0,0.0,14.930074155117918,85.06992584488208,El Dorado,CA
99,El Paso_TX,136558504000.0,17016738.0,249016269.0,10644275.59,36075.9996,16.548347006856048,40.3320355952105,43.11961739793344,El Paso,TX
100,Ellis_TX,186586718000.0,21607052.5,345869590.0,14399033.620000001,51134.9993,29.47977550867005,65.62842956761318,4.891794923716758,Ellis,TX
101,Erath_TX,24597208000.0,3761566.9,53192840.0,2149466.8,7552.0,0.0,0.0,100.0,Erath,TX
102,Falls_TX,54267312580.0,7117857.2,93314948.1,4075408.594,13169.000223000001,0.0,0.7159558159573128,99.28404418404268,Falls,TX
103,Fannin_TX,134128628000.0,14298636.5,201324900.0,8319496.55,29076.0001,16.336173764148526,16.34563620736815,67.31819002848333,Fannin,TX
104,Faribault_MN,142031828400.0,16248649.71,227479704.0,10051465.78,32508.0003,6.87883376203857,31.93888551797509,61.18228071998632,Faribault,MN
105,Fayette_TX,134862742000.0,17494989.0,252811511.0,11070807.02,36409.999599999996,11.911751298124157,42.04076673486149,46.047481967014356,Fayette,TX
106,Fillmore_MN,227614599700.0,24192213.72,326741482.6,14477956.53,46318.00047,1.94257083827004,17.74119438796232,80.31623477376765,Fillmore,MN
107,Fisher_TX,233173637000.0,25318121.3,376495266.0,16253439.900000002,54639.999,17.08950250895868,49.06322381155241,33.84727367948891,Fisher,TX
108,Floyd_TX,55644116700.0,6330295.1,86008113.0,3885425.1,12173.0,0.0,25.759391275774256,74.24060872422575,Floyd,TX
109,Foard_TX,180524128000.0,20847862.8,309839563.0,11893094.399999999,45659.9994,31.226132692415238,19.288435207469583,49.485432100115176,Foard,TX
110,Fort Bend_TX,131263684000.0,14151292.6,205967019.0,8764715.309999999,29826.0,16.50455978005767,37.061298866760545,46.43414135318179,Fort Bend,TX
111,Franklin_TX,31137355000.0,4761729.2,67336275.0,2720988.1,9560.0,0.0,0.0,100.0,Franklin,TX
112,Freeborn_MN,927020100000.0,73471353.0,1311027250.0,43058322.0,201253.998,57.21632421930818,42.783675780691816,0.0,Freeborn,MN
113,Freestone_TX,252750677000.0,42067227.1,565369770.0,25285207.5,79949.0,0.0,18.238750953733003,81.761249046267,Freestone,TX
114,Fresno_CA,57245462000.0,10516012.0,137726920.0,6009149.5,19435.0,0.0,0.0,100.0,Fresno,CA
115,Frio_TX,174775035000.0,19829621.0,284665506.0,11269335.0,41506.999800000005,23.818064537634925,13.359124549397086,62.82281091296799,Frio,TX
116,Gaines_TX,53447423000.0,6047128.2,91304255.0,3732601.2399999998,13388.0,25.59944427845832,40.43878547953391,33.96177024200777,Gaines,TX
117,Galveston_TX,201465133800.0,21821893.16,309731030.4,12411922.0,44088.000069999995,2.184184060222898,0.0,97.81581593977711,Galveston,TX
118,Garza_TX,51264867247.0,7879352.224599999,108276925.545,4938732.9728,15339.999543999998,0.09130537429173735,33.31774740501257,66.5909472206957,Garza,TX
119,Gillespie_TX,3644168600000.0005,227788870.00000003,4381334400.000001,91690257.00000003,709651.0000000001,99.99999999999999,1.1820926906324376e-14,0.0,Gillespie,TX
120,Glasscock_TX,18483007900.0,2970948.68,40312766.9,1818955.11,5705.0,0.0,24.86065907099036,75.13934092900965,Glasscock,TX
121,Glenn_CA,87771949000.0,10377416.399999999,154598829.0,6757889.94,22404.9997,15.658248814883938,53.14685632421588,31.194894860900174,Glenn,CA
122,Goliad_TX,82834103000.0,10039365.7,150952931.0,6533885.18,21946.000500000002,17.982619202072833,53.881476034779084,28.13590476314807,Goliad,TX
123,Gonzales_TX,335671869000.0,40726393.4,613666980.0,26058847.5,89489.99900000001,20.673743666038032,49.5270259193991,29.799230414562857,Gonzales,TX
124,Goodhue_MN,571295614000.0,32869916.240000002,665070069.0,20578256.39,108854.0,77.61213533724072,4.116814724309626,18.271049938449668,Goodhue,MN
125,Grant_MN,90039680000.0,11798386.0,154522020.0,6741934.9,21805.0,0.0,0.0,100.0,Grant,MN
126,Gray_TX,1380293226000.0,143298018.1,1949673182.0,81015478.0,279354.00200000004,11.43603842124302,3.6128284999475317,84.95113307880943,Gray,TX
127,Grayson_TX,712247490000.0,65423710.0,1156041610.0,33454982.0,181275.005,76.40029026616217,23.599709733837823,0.0,Grayson,TX
128,Gregg_TX,522687760000.0,48267210.0,824165340.0,31463471.7,123473.0,37.76169445951747,62.23830554048253,0.0,Gregg,TX
129,Grimes_TX,72064204900.0,10794285.1,149392712.6,6716855.141999999,21243.00003,3.0362469005748993,32.13359737494667,64.83015572447843,Grimes,TX
130,Guadalupe_TX,866575245000.0,101133990.8,1463643740.0,65543905.0,210174.997,9.056171890893378,48.88492992341995,42.05889818568666,Guadalupe,TX
131,Hale_TX,202332136000.0,21975164.8,343122940.0,13165853.9,51031.0,36.42740099155415,37.04638357077071,26.526215437675138,Hale,TX
132,Hall_TX,49045152200.0,5896110.0,92413019.0,3935389.3,13570.000000000002,24.52707811348563,64.34903831982314,11.123883566691228,Hall,TX
133,Hamilton_TX,65992512000.0,7052276.3,96391186.0,4378166.5,13649.0,0.0,29.84419151586197,70.15580848413803,Hamilton,TX
134,Hansford_TX,138327585000.0,17645712.88,243085430.0,10501985.45,34733.000100000005,7.913994449330622,19.117399536125873,72.9686060145435,Hansford,TX
135,Hardeman_TX,23465278000.0,2472513.0,34964149.0,1412864.5,4964.0,0.0,0.0,100.0,Hardeman,TX
136,Hardin_TX,117755218000.0,13365361.100000001,205319040.0,8311387.6,30241.999699999997,28.62035475782377,44.21451667430577,27.165128567870468,Hardin,TX
137,Harris_TX,86888296500.0,9477785.700000001,135208278.5,5356280.7700000005,19313.99951,5.146963525008394,0.0,94.8530364749916,Harris,TX
138,Harrison_TX,118811080000.0,12959585.5,187710128.0,8960031.0,26698.0003,0.0,68.09907781744987,31.90092218255013,Harrison,TX
139,Hartley_TX,1451893000000.0,122710161.0,2147733930.0,68329743.0,332246.0,65.05312930780205,34.94687069219795,0.0,Hartley,TX
140,Haskell_TX,72045757000.0,7857749.5,110241750.0,5123874.3,15642.0,0.0,47.38353151770873,52.61646848229127,Haskell,TX
141,Hays_TX,36424942000.0,4863539.16,64918084.4,2884724.81,9175.0,0.0,13.455685013623977,86.54431498637601,Hays,TX
142,Hemphill_TX,317425648000.0,34168787.9,495683453.0,20955307.5,71798.0,16.966395999888576,34.05644168361236,48.97716231649907,Hemphill,TX
143,Henderson_TX,686851500000.0,65276254.0,1144306140.0,40008647.0,173981.0,49.595595496059914,50.40440450394008,0.0,Henderson,TX
144,Hennepin_MN,53979273300.0,7092639.63,102195359.5,4786431.647,14563.0,2.1688917118725537,60.281375403419624,37.54973288470782,Hennepin,MN
145,Hidalgo_TX,203284533000.0,15473342.7,335914639.0,11608971.33,49759.000100000005,11.030758433588378,0.0,88.96924156641161,Hidalgo,TX
146,Hill_TX,35904823182.0,8873741.97546,156383503.97,6773729.65255,22536.9999759,0.02386287396614879,0.0,99.97613712603386,Hill,TX
147,Hockley_TX,335335169000.0,25204444.6,550912893.0,18793118.5,82086.0,14.739848451623908,0.0,85.2601515483761,Hockley,TX
148,Hood_TX,97313524000.0,7730115.7,171952119.0,5670621.8,26001.000200000002,23.97221319201405,0.0,76.02778680798595,Hood,TX
149,Hopkins_TX,71798928470.0,5653390.169,82490420.7,4307373.528,11791.999549999999,3.0739192998018727,0.0,96.92608070019814,Hopkins,TX
150,Houston_MN,4395163900.0,1327565.7,19046111.0,1013408.9,2707.0,0.0,0.0,100.0,Houston_MN,MN
151,Houston_TX,291744672500.0,23595841.0,355319474.0,18171949.2,50680.000400000004,0.0,9.7401368607724,90.25986313922759,Houston_TX,TX
152,Howard_TX,231786434400.0,18031764.45,286382594.2,13656773.61,41920.000100000005,15.038955832445236,2.5440977992745752,82.41694636828018,Howard,TX
153,Hubbard_MN,26730722000.0,2110535.5,44930899.0,1611095.8,6542.0,0.0,0.0,100.0,Hubbard,MN
154,Hudspeth_TX,158513477000.0,12555447.922,197073473.86,9488244.293,28828.999806,15.15051520826945,0.2824995891222353,84.56698520260831,Hudspeth,TX
155,Humboldt_CA,234742816000.0,37634438.3,657846519.0,28711305.9,97583.0,19.819446010063228,13.284091491345828,66.89646249859094,Humboldt,CA
156,Hunt_TX,17251356000.0,1364008.6,29038190.0,1041227.9,4228.0,0.0,0.0,100.0,Hunt,TX
157,Hutchinson_TX,96548492000.0,7623027.2,162285570.0,5819104.7,23629.0,0.0,0.0,100.0,Hutchinson,TX
158,Imperial_CA,950650460000.0,80140422.0,2007463690.0,62280644.9,311970.999,38.39895387199116,37.731212316950014,23.86983381105883,Imperial,CA
159,Inyo_CA,5976711600000.0,268218900.0,9795199300.0,197041890.0,1615123.02,67.57539744557663,32.42460255442337,0.0,Inyo,CA
160,Irion_TX,35342001001.2,8210691.58394,132902740.0653,6178283.55948,19629.00027312,20.164084491965216,0.004009746339847067,79.83190576169493,Irion,TX
161,Isanti_MN,1732412200.0,523277.65,7507277.7,399448.59,1067.0,0.0,0.0,100.0,Isanti,MN
162,Itasca_MN,95508123800.0,7544979.03,161271877.5,5739333.468,23566.00026,2.31974562492006,0.0,97.68025437507994,Itasca,MN
163,Jack_TX,240624405000.0,27073290.8,585590065.0,20378938.8,86468.0002,9.007724455271953,0.0,90.99227554472805,Jack,TX
164,Jackson_MN,1468705220000.0,118058950.7,2191449540.0,89282511.7,330607.002,28.623384086704856,12.139549300894723,59.23706661240043,Jackson_MN,MN
165,Jackson_TX,477959509000.0,40092120.9,1001920860.0,29760074.9,159123.0,52.32794504879873,20.125940938770636,27.546114012430635,Jackson_TX,TX
166,Jasper_TX,28621284000.0,3479383.3,74072111.0,2656017.8,10785.0,0.0,0.0,100.0,Jasper,TX
167,Jeff Davis_TX,7960594900.0,629418.34,13399600.0,480472.02,1951.0,0.0,0.0,100.0,Jeff Davis,TX
168,Jefferson_TX,36222416000.0,2124932.0,43924205.0,1622085.5,6386.0,0.0,0.0,100.0,Jefferson,TX
169,Jim Hogg_TX,126519476000.0,19608354.4,299387266.0,15140196.9,42743.9997,0.0,12.424945576630257,87.57505442336974,Jim Hogg,TX
170,Jim Wells_TX,59441495800.0,11462277.24,168530016.7,8725640.042,24152.9999,4.431809317400775,0.0,95.56819068259924,Jim Wells,TX
171,Johnson_TX,149340674000.0,22382685.5,399287713.0,17107085.11,59376.9994,20.6634254407945,15.515171687843829,63.82140287136166,Johnson,TX
172,Jones_TX,78953229400.0,20713874.86,307685600.0,15834354.26,44035.9997,2.9984426582689796,3.6516884161937164,93.34986892553731,Jones,TX
173,Kanabec_MN,144483410000.0,11423833.0,163893650.0,8720483.2,23294.0,0.0,0.0,100.0,Kanabec,MN
174,Kandiyohi_MN,41850379000.0,8210113.6,117787570.0,6267262.3,16741.0,0.0,0.0,100.0,Kandiyohi,MN
175,Karnes_TX,1219445760000.0,96891109.0,2140697670.0,71531693.8,321872.999,20.44721340543386,0.0,79.55278659456614,Karnes,TX
176,Kaufman_TX,71933291830.0,5681644.477999999,121291319.6,4326673.92,17703.999949999998,1.599434877992078,0.0,98.40056512200793,Kaufman,TX
177,Kendall_TX,18549060000.0,3638913.0,52206186.0,2777796.2,7420.0,0.0,0.0,100.0,Kendall,TX
178,Kenedy_TX,135112320000.0,10667850.0,227106400.0,8143397.4,33067.0,0.0,0.0,100.0,Kenedy,TX
179,Kent_TX,20946481000.0,2546385.9,54209659.0,1943806.1,7893.0,0.0,0.0,100.0,Kent,TX
180,Kern_CA,224941588800.0,18019501.12,342791744.0,13887839.91,50003.000199999995,5.265186667739189,12.014164902049218,82.7206484302116,Kern,CA
181,Kerr_TX,201718480000.0,15926768.0,339062770.0,12157838.0,49368.0,0.0,0.0,100.0,Kerr,TX
182,Kimble_TX,24630659600.0,1955151.79,42888953.7,1453023.69,6410.0,16.665558502340094,0.0,83.33444149765991,Kimble,TX
183,King_TX,30910862600.0,5770966.010000001,88814888.0,4369662.42,12917.9999,12.213639202768533,0.0,87.78636079723147,King,TX
184,Kings_CA,12021062000.0,949128.02,20205855.0,724525.21,2942.0,0.0,0.0,100.0,Kings,CA
185,Kinney_TX,12300385000.0,1495312.2,31833494.0,1141459.7,4635.0,0.0,0.0,100.0,Kinney,TX
186,Kittson_MN,44492637000.0,3512935.1,74786390.0,2681629.8,10889.0,0.0,0.0,100.0,Kittson,MN
187,Kleberg_TX,2766650859850.0,149305805.84600002,5175955718.08,117362991.80299999,829982.000022,51.09785723193496,48.514736462878325,0.3874063051867113,Kleberg,TX
188,Knox_TX,13346849850.0,1055907.8460000001,22580518.08,802874.803,3301.0000219999997,2.5930754749931353,0.0,97.40692452500687,Knox,TX
189,Koochiching_MN,112997515000.0,8967224.1,198094490.0,6621033.94,29782.000200000002,20.37841702787981,0.0,79.62158297212018,Koochiching,MN
190,La Salle_TX,409363014000.0,35733491.5,1117077490.0,28150194.4,176579.00100000002,44.0443113618023,46.29152591026381,9.664162727933883,La Salle,TX
191,Lac qui Parle_MN,42697836000.0,8376365.8,120172730.0,6394172.4,17080.0,0.0,0.0,100.0,Lac qui Parle,MN
192,Lake of the Woods_MN,9134396000.0,1110434.6,23639889.0,847660.02,3442.0,0.0,0.0,100.0,Lake of the Woods,MN
193,Lake_CA,93462584000.0,28230511.0,405013060.0,21550008.0,57564.0,0.0,0.0,100.0,Lake_CA,CA
194,Lake_MN,240497722000.0,19047461.71,410784595.0,14375299.64,60501.0002,7.372147874011511,0.0,92.62785212598848,Lake_MN,MN
195,Lamar_TX,4309778900.0,523923.83,11153742.0,399941.86,1624.0,0.0,0.0,100.0,Lamar,TX
196,Lamb_TX,8623094000.0,2604618.2,37367527.0,1988258.2,5311.0,0.0,0.0,100.0,Lamb,TX
197,Lampasas_TX,22917018400.0,1782915.682,38255034.4,1351691.67,5609.0000199999995,4.494945963647902,0.0,95.5050540363521,Lampasas,TX
198,Lassen_CA,15009920000.0,1824700.2,38845791.0,1392900.9,5656.0,0.0,0.0,100.0,Lassen,CA
199,Lavaca_TX,6031750610.0,713631.275,15275555.4,542164.8587,2235.0000480000003,3.1395546529312646,0.0,96.86044534706872,Lavaca,TX
200,Le Sueur_MN,12989033000.0,3923356.4,56286993.0,2994928.5,8000.0,0.0,0.0,100.0,Le Sueur,MN
201,Lee_TX,13058896492000.0,285091162.6,12181337150.0,171312411.7,2123582.0409999997,98.56496521388694,1.4350347861130741,0.0,Lee,TX
202,Leon_TX,30293181000.0,3682629.6,78398993.0,2811167.7,11415.0,0.0,0.0,100.0,Leon,TX
203,Liberty_TX,55172601000.0,6707128.3,142787130.0,5119945.3,20790.0,0.0,0.0,100.0,Liberty,TX
204,Limestone_TX,26680846000.0,2109567.7,44910295.0,1610357.0,6539.0,0.0,0.0,100.0,Limestone,TX
205,Lincoln_MN,2845550310000.0,117687501.0,4294026300.0,88239915.0,702930.0,63.112499110864526,36.887500889135474,0.0,Lincoln,MN
206,Lipscomb_TX,104152570000.0,8223410.3,175067050.0,6277412.5,25490.0,0.0,0.0,100.0,Lipscomb,TX
207,Live Oak_TX,11065676000.0,874926.98,18626200.0,667883.2,2712.0,0.0,0.0,100.0,Live Oak,TX
208,Llano_TX,31556392000.0,3836193.5,81668193.0,2928392.0,11891.0,0.0,0.0,100.0,Llano,TX
209,Los Angeles_CA,9052128000.0,1100433.6,23426979.0,840025.66,3411.0,0.0,0.0,100.0,Los Angeles,CA
210,Loving_TX,48006612000.0,3790382.4,80692928.0,2893421.7,11749.0,0.0,0.0,100.0,Loving,TX
211,Lubbock_TX,74334372000.0,7280332.6,162449843.0,5324997.68,24626.9998,25.560128522029707,0.0,74.43987147797029,Lubbock,TX
212,Lynn_TX,993406958000.0,77281393.9,1251094695.0,58518709.6,183873.9951,16.888797669899542,3.813191798104353,79.29801053199611,Lynn,TX
213,Lyon_MN,7780955500.0,945901.89,20137175.0,722062.51,2932.0,0.0,0.0,100.0,Lyon,MN
214,Madera_CA,606683631000.0,45626582.8,1176998190.0,33969197.5,185136.0,45.38403984098176,17.045651304986603,37.57030885403163,Madera,CA
215,Madison_TX,2462512260000.0,196166234.0,4417210600.0,142232034.0,674628.0,30.150595587494145,0.0,69.84940441250586,Madison,TX
216,Mahnomen_MN,115028062300.0,13735500.28,293464110.8,10452359.78,42865.99994,2.0687396567005174,0.0,97.93126034329947,Mahnomen,MN
217,Marin_CA,73123357000.0,5773485.7,122910940.0,4407241.0,17896.0,0.0,0.0,100.0,Marin,CA
218,Marion_TX,96882591000.0,19006209.0,272675300.0,14508557.0,38755.0,0.0,0.0,100.0,Marion,TX
219,Mariposa_CA,126273193000.0,13996645.9,238737132.0,10459831.81,35789.000400000004,27.7739760510327,0.0,72.22602394896728,Mariposa,CA
220,Marshall_MN,18519587928.0,1464513.5745,31215723.81,1116768.2702,4550.000027,0.7027764134120961,0.0,99.2972235865879,Marshall,MN
221,Martin_MN,28047734000.0,2217643.1,47211098.0,1692857.3,6874.0,0.0,0.0,100.0,Martin_MN,MN
222,Martin_TX,4476968600.0,544248.46,11586430.0,415456.84,1687.0,0.0,0.0,100.0,Martin_TX,TX
223,Mason_TX,2094801010000.0,141516523.0,4067339660.0,110762608.0,636694.0,39.64659004168407,41.18567632174954,19.16773363656639,Mason,TX
224,Matagorda_TX,52611553000.0,4153967.5,88433240.0,3170967.6,12876.0,0.0,0.0,100.0,Matagorda,TX
225,Maverick_TX,95939246000.0,7585604.0,161488880.0,5790537.5,23513.0,0.0,0.0,100.0,Maverick,TX
226,McCulloch_TX,62840145000.0,4968565.8,105775110.0,3792798.3,15401.0,0.0,0.0,100.0,McCulloch,TX
227,McLennan_TX,142486170000.0,11265918.0,161628100.0,8599937.3,22972.0,0.0,0.0,100.0,McLennan,TX
228,McLeod_MN,1324880110000.0,53517438.0,1840796290.0,41763094.0,296144.0,53.309244826840995,46.690755173159005,0.0,McLeod,MN
229,McMullen_TX,19581187000.0,1548220.7,32959857.0,1181847.9,4799.0,0.0,0.0,100.0,McMullen,TX
230,Medina_TX,85653259804.0,15173613.4441,250973895.106,11386430.5936,37299.000021,23.355326403108347,0.03165184319513422,76.61302175369651,Medina,TX
231,Meeker_MN,6629457500.0,1064452.0,18756816.0,812558.81,2703.0,0.0,0.0,100.0,Meeker,MN
232,Menard_TX,60140427000.0,4755107.9,68219835.0,3629853.4,9696.0,0.0,0.0,100.0,Menard,TX
233,Mendocino_CA,103057770930.0,8138592.592,173518126.2,6204663.783,25297.999789999998,0.8563830808696515,0.0,99.14361691913035,Mendocino,CA
234,Merced_CA,819131002000.0,64869230.2,1079900070.0,48935637.1,158846.003,16.236998421672595,0.0,83.7630015783274,Merced,CA
235,Midland_TX,726415194000.0,57548814.2,924056740.0,43347533.3,136155.003,18.942985884991682,0.0,81.05701411500831,Midland,TX
236,Milam_TX,580063840000.0,41850672.0,836458160.0,30549266.6,130444.0,47.41800389439146,0.0,52.58199610560853,Milam,TX
237,Mille Lacs_MN,100098037000.0,10928494.91,237909383.0,8178601.21,35325.9996,12.55028208741756,0.0,87.44971791258244,Mille Lacs,MN
238,Mills_TX,466261500000.0,41883509.1,1012635770.0,31436663.7,159365.0,47.43717441094343,22.72751356947887,29.8353120195777,Mills,TX
239,Mitchell_TX,74999176000.0,9117371.5,194098460.0,6959825.6,28261.0,0.0,0.0,100.0,Mitchell,TX
240,Modoc_CA,17158285000.0,1006564.2,20806564.0,768369.65,3025.0,0.0,0.0,100.0,Modoc,CA
241,Mono_CA,45867888700.0,3633942.69,78567937.3,2736431.21,11597.000499999998,8.770858464652132,0.0,91.22914153534788,Mono,CA
242,Montague_TX,40335520000.0,3189198.3,45754289.0,2434502.5,6503.0,0.0,0.0,100.0,Montague,TX
243,Monterey_CA,10325954000.0,1255287.9,26723652.0,958235.07,3891.0,0.0,0.0,100.0,Monterey,CA
244,Montgomery_TX,105786233000.0,25807744.1,407937336.0,19477414.66,59824.9996,16.505928401209715,0.0,83.49407159879027,Montgomery,TX
245,Moore_TX,6185336801000.0,534923861.9,21144341348.0,346164501.6,3621187.96,89.22856812989073,9.247848045976603,1.523583824132675,Moore,TX
246,Morris_TX,125047211000.0,28941204.9,469352748.0,21771890.6,69360.0,20.45583333333333,0.0,79.54416666666667,Morris,TX
247,Morrison_MN,16956641000.0,3326515.8,47724334.0,2539325.0,6783.0,0.0,0.0,100.0,Morrison,MN
248,Motley_TX,23702984000.0,1871479.1,39841661.0,1428610.0,5801.0,0.0,0.0,100.0,Motley,TX
249,Mower_MN,442046109000.0,31410684.0,1174579050.0,22483375.0,195460.999,72.80247247687504,27.197527523124958,0.0,Mower,MN
250,Murray_MN,34945459000.0,2763023.7,39640115.0,2109178.4,5634.0,0.0,0.0,100.0,Murray,MN
251,Nacogdoches_TX,365964381000.0,28995511.7,627148203.0,21826451.9,92601.9995,8.990805322729559,0.0,91.00919467727043,Nacogdoches,TX
252,Napa_CA,1827900360000.0,193853158.0,4247066860.0,144234560.0,634068.0,15.989920639426686,0.0,84.01007936057331,Napa,CA
253,Navarro_TX,173238306000.0,13718152.1,298380405.0,10274373.790000001,44271.9995,12.077289393717129,0.0,87.92271060628288,Navarro,TX
254,Nevada_CA,70431978000.0,8562154.2,182278520.0,6535995.6,26540.0,0.0,0.0,100.0,Nevada,CA
255,Newton_TX,235129537000.0,19621424.8,462711670.0,14964862.4,72008.0,40.96313604043995,28.01412065326075,31.0227433062993,Newton,TX
256,Nicollet_MN,102985837000.0,18990780.24,297370017.0,14349229.21,43485.0002,15.014782499644555,0.0,84.98521750035543,Nicollet,MN
257,Nobles_MN,58152053000.0,11408139.0,163668500.0,8708503.4,23262.0,0.0,0.0,100.0,Nobles,MN
258,Nolan_TX,73476469200.0,13661481.87,211466188.0,10337001.87,30813.0003,13.156168696756222,0.0,86.84383130324377,Nolan,TX
259,Norman_MN,9782775657.0,1183379.5865,25217764.69,902565.2626,3674.999972,0.5730985621895944,0.0,99.4269014378104,Norman,MN
260,Nueces_TX,176216172000.0,42893001.1,678736084.0,32367506.1,99571.0,16.67627522069679,0.0,83.3237247793032,Nueces,TX
261,Ochiltree_TX,38952485000.0,11765655.0,168797660.0,8981416.3,23991.0,0.0,0.0,100.0,Ochiltree,TX
262,Oldham_TX,21461002000.0,1696851.6,24344124.0,1295306.6,3460.0,0.0,0.0,100.0,Oldham,TX
263,Olmsted_MN,199623767581.3,18638256.81452,300307278.647,13497781.56174,43379.0002144,5.458931286327603,18.476252703812705,76.06481600985968,Olmsted,MN
264,Orange_CA,102730152200.0,7969015.869999999,123358537.0,6029744.090000001,17975.0002,13.1641678646546,0.0,86.8358321353454,Orange_CA,CA
265,Orange_TX,160720716000.0,12724168.81,276325414.0,9543479.09,40943.999899999995,11.216068071551554,0.0,88.78393192844845,Orange_TX,TX
266,Otter Tail_MN,5094151310.0,1289019.093,19040450.53,980742.65,2733.0000099999997,5.248167196311134,0.0,94.75183280368887,Otter Tail,MN
267,Palo Pinto_TX,634555320000.0,62298370.0,1389305980.0,45591036.8,210517.001,25.27001180298973,0.0,74.72998819701027,Palo Pinto,TX
268,Panola_TX,18373429000.0,1452727.2,30926909.0,1108952.1,4503.0,0.0,0.0,100.0,Panola,TX
269,Parker_TX,110645080000.0,13450712.0,286350350.0,10267719.0,41693.0,0.0,0.0,100.0,Parker,TX
270,Parmer_TX,756607296000.0,61791667.1,1199283450.0,47638139.9,180008.0,23.645219656904136,24.544730234211816,51.810050108884056,Parmer,TX
271,Pecos_TX,45865708000.0,5575723.8,118700810.0,4256277.8,17283.0,0.0,0.0,100.0,Pecos,TX
272,Pennington_MN,83804541000.0,6626152.4,141063240.0,5058131.6,20539.0,0.0,0.0,100.0,Pennington,MN
273,Pine_MN,266585645700.0,59601980.41,903655081.7,45272828.29,130657.99740000001,8.925441405854578,0.9140155396258967,90.16054305451952,Pine,MN
274,Pipestone_MN,193649975000.0,19403184.2,429433486.0,14775120.5,65139.0,26.196409217212423,16.518563379849247,57.28502740293834,Pipestone,MN
275,Placer_CA,1825817700.0,221957.88,4725230.6,169433.5,688.0,0.0,0.0,100.0,Placer,CA
276,Plumas_CA,3027991200.0,368101.65,7836465.3,280993.63,1141.0,0.0,0.0,100.0,Plumas,CA
277,Polk_MN,176625288000.0,22100957.7,400503509.0,16723226.1,60149.0,26.57366373505794,10.959578712863056,62.466757552079,Polk_MN,MN
278,Polk_TX,17752104600.0,1960440.6199999999,42572861.5,1470422.2580000001,6308.00002,11.20057415599057,0.0,88.79942584400943,Polk_TX,TX
279,Pope_MN,235537865470.0,54279343.16,651145683.1,20451511.08,95616.0,33.74098058902276,0.0,66.25901941097725,Pope,MN
280,Potter_TX,9482044400.0,1152696.9,24539606.0,879921.34,3573.0,0.0,0.0,100.0,Potter,TX
281,Presidio_TX,106193706000.0,7976991.67,174415290.0,5946114.399999999,25994.9998,14.913032620988902,0.0,85.08696737901109,Presidio,TX
282,Rains_TX,11214979000.0,1363363.4,29024454.0,1040735.4,4226.0,0.0,0.0,100.0,Rains,TX
283,Ramsey_MN,213846630000.0,16908158.0,359955430.0,12906991.0,52410.0,0.0,0.0,100.0,Ramsey,MN
284,Randall_TX,34356156000.0,4176550.4,88914005.0,3188206.4,12946.0,0.0,0.0,100.0,Randall,TX
285,Reagan_TX,73278967000.0,9482504.01,176401754.0,7188170.95,26580.000200000002,27.744208594851706,13.507740680904885,58.748050724243406,Reagan,TX
286,Real_TX,32745339000.0,2585422.1,55040695.0,1973604.7,8014.0,0.0,0.0,100.0,Real,TX
287,Red Lake_MN,49112528900.0,14457003.078,208237046.3,11030979.056,29637.000330000003,0.7317485831400939,0.0,99.2682514168599,Red Lake,MN
288,Red River_TX,80757727000.0,10745526.75,172106321.0,8096429.25,25339.999900000003,18.556396679385934,0.0,81.44360332061406,Red River,TX
289,Redwood_MN,96828744000.0,7655933.7,162986120.0,5844224.2,23731.0,0.0,0.0,100.0,Redwood,MN
290,Reeves_TX,297788055440.0,36108460.496,595901582.5,28295415.345,85546.9994,0.18424889371397404,26.54066788928192,73.2750832170041,Reeves,TX
291,Refugio_TX,101349560000.0,8002097.7,170355550.0,6108471.5,24804.0,0.0,0.0,100.0,Refugio,TX
292,Renville_MN,6575697700.0,1986199.2,28495290.0,1516182.6,4050.0,0.0,0.0,100.0,Renville,MN
293,Rice_MN,44130810000.0,4447869.56,98575238.0,3274227.89,14860.000500000002,22.061476377473873,0.0,77.93852362252612,Rice,MN
294,Riverside_CA,52274644000.0,11518310.9,191441414.0,8637495.62,28491.9997,24.089627868415285,0.0,75.91037213158471,Riverside,CA
295,Roberts_TX,374342060.0,92543.925,1630725.7,70644.218,235.0,0.0,0.0,100.0,Roberts,TX
296,Robertson_TX,829647139000.0,80305246.9,1632848400.0,62258149.4,246175.99800000002,24.9488871778637,29.407451005845008,45.643661816291285,Robertson,TX
297,Rock_MN,16949851000.0,2060530.5,43866349.0,1572924.0,6387.0,0.0,0.0,100.0,Rock,MN
298,Rockwall_TX,39770333000.0,3144510.8,66943056.0,2400389.9,9747.0,0.0,0.0,100.0,Rockwall,TX
299,Roseau_MN,911694040000.0,67047889.0,1483661240.0,49427213.7,223373.004,21.26326062212961,0.0,78.73673937787039,Roseau,MN
300,Runnels_TX,13186731000.0,1042632.0,14958268.0,795902.26,2126.0,0.0,0.0,100.0,Runnels,TX
301,Rusk_TX,41809761000.0,4107533.62,91586718.0,3006424.09,13876.000199999999,25.187836189278812,0.0,74.8121638107212,Rusk,TX
302,Sabine_TX,43299761000.0,3423571.2,72883935.0,2613413.2,10612.0,0.0,0.0,100.0,Sabine,TX
303,Sacramento_CA,42957897950.0,3391301.193,48961992.24,2586954.3945,6973.999973,1.1580738932130763,0.0,98.84192610678691,Sacramento,CA
304,San Augustine_TX,26861475000.0,2120859.1,45150677.0,1618976.5,6574.0,0.0,0.0,100.0,San Augustine,TX
305,San Benito_CA,144007576000.0,11407040.3,248675169.0,8525884.7,36969.0005,13.312022054802375,0.0,86.68797794519763,San Benito,CA
306,San Bernardino_CA,199329762700.0,15521662.23,333106009.0,11765456.94,48848.9998,4.60778687222988,0.0,95.39221312777012,San Bernardino,CA
307,San Diego_CA,143980006512.0,27750861.4431,399892272.59,21199786.3934,56857.000407,0.024804627221002105,0.8821064009881403,99.09308897179085,San Diego,CA
308,San Francisco_CA,12004137000.0,949128.02,20205855.0,724525.21,2942.0,0.0,0.0,100.0,San Francisco,CA
309,San Jacinto_TX,702405809000.0,71606807.8,1528435960.0,54007031.8,231447.997,26.226201905735223,9.398991687968678,64.3748064062961,San Jacinto,TX
310,San Joaquin_CA,122690830000.0,9687106.4,206227470.0,7394737.7,30027.0,0.0,0.0,100.0,San Joaquin,CA
311,San Luis Obispo_CA,18884475000.0,2295715.5,48873170.0,1752454.6,7116.0,0.0,0.0,100.0,San Luis Obispo,CA
312,San Mateo_CA,29296741000.0,2313136.6,49244046.0,1765753.1,7170.0,0.0,0.0,100.0,San Mateo,CA
313,San Patricio_TX,66389136000.0,13024072.0,186851710.0,9942039.6,26557.0,0.0,0.0,100.0,San Patricio,TX
314,San Saba_TX,1872859070000.0,100668108.0,3500873700.0,79117495.0,561699.0,51.401446326235224,48.598553673764776,0.0,San Saba,TX
315,Santa Barbara_CA,53063212000.0,10378985.69,161287261.0,7849555.21,23530.0001,13.791326333228533,0.0,86.20867366677147,Santa Barbara,CA
316,Santa Clara_CA,283731954700.0,28622983.32,421067524.6,17860223.43,60052.00047,1.4983014103743146,13.68375147486573,84.81794711475996,Santa Clara,CA
317,Santa Cruz_CA,6839992200.0,540054.49,11497145.0,412255.34,1674.0,0.0,0.0,100.0,Santa Cruz,CA
318,Schleicher_TX,228648347000.0,18129567.0,394372746.0,13577087.95,58520.0003,12.133604346546798,0.0,87.8663956534532,Schleicher,TX
319,Scott_MN,204500768000.0,16211408.8,352073398.0,12158474.21,52169.9995,11.242652014976539,0.0,88.75734798502346,Scott,MN
320,Scurry_TX,55238613000.0,4367537.4,92979901.0,3333998.1,13538.0,0.0,0.0,100.0,Scurry,TX
321,Shackelford_TX,56601566100.0,4488451.13,97720029.0,3358788.45,14511.0005,12.595296237499268,0.0,87.40470376250073,Shackelford,TX
322,Shasta_CA,846767070000.0,86264012.0,1845217970.0,65667648.1,283536.0,35.709603013373965,22.929183595733875,41.36121339089216,Shasta,CA
323,Shelby_TX,49281449000.0,3891037.7,82835765.0,2970257.8,12061.0,0.0,0.0,100.0,Shelby,TX
324,Sherburne_MN,7534618200.0,1478124.5,21206125.0,1128339.3,3014.0,0.0,0.0,100.0,Sherburne,MN
325,Sherman_TX,247478112000.0,20492300.9,524723490.0,15635532.2,81558.001,37.919074303942296,26.173933566615986,35.906992129441726,Sherman,TX
326,Sibley_MN,134858990000.0,10647848.0,226680580.0,8128128.6,33005.0,0.0,0.0,100.0,Sibley,MN
327,Sierra_CA,44010090000.0,13293312.0,190714400.0,10147567.0,27106.0,0.0,0.0,100.0,Sierra,CA
328,Siskiyou_CA,490565540000.0,61722036.9,1085807570.0,47260731.4,160829.996,18.59044938358389,15.750803724449511,65.65874689196659,Siskiyou,CA
329,Smith_TX,16418137000.0,4959122.4,71146759.0,3785589.7,10112.0,0.0,0.0,100.0,Smith,TX
330,Solano_CA,67056970400.0,5244473.56,112212903.9,3985835.3310000002,16412.00004,2.89990884011721,0.0,97.1000911598828,Solano,CA
331,Somervell_TX,330729548400.0,26663853.4,398877667.0,20509589.4,56865.9995,0.0,8.444176735168437,91.55582326483156,Somervell,TX
332,Sonoma_CA,294222468000.0,31688704.1,691941959.0,23649849.9,103010.0,14.192259003980196,0.0,85.80774099601982,Sonoma,CA
333,St. Louis_MN,32006237560.0,2528901.328,54127811.9,1921408.492,7918.999949999999,3.0941552158994523,0.0,96.90584478410055,St. Louis,MN
334,Stanislaus_CA,62985950000.0,4973082.4,105871260.0,3796246.1,15415.0,0.0,0.0,100.0,Stanislaus,CA
335,Starr_TX,326128817000.0,60479738.2,939578400.0,45741972.7,137062.00400000002,13.745920422993377,0.0,86.25407957700662,Starr,TX
336,Stearns_MN,31317531820.0,2478601.536,37662996.0,1879606.216,5456.000010000001,10.102373698492716,0.0,89.89762630150729,Stearns,MN
337,Steele_MN,19258846000.0,1522734.3,32417280.0,1162392.6,4720.0,0.0,0.0,100.0,Steele,MN
338,Stephens_TX,59212790000.0,4681762.7,99669399.0,3573864.7,14512.0,0.0,0.0,100.0,Stephens,TX
339,Sterling_TX,62091313500.0,4831456.32,103656402.2,3663194.1169999996,15197.000320000001,4.443069722854358,0.0,95.55693027714564,Sterling,TX
340,Stevens_MN,33922112000.0,2678334.7,57018698.0,2044530.3,8302.0,0.0,0.0,100.0,Stevens,MN
341,Stonewall_TX,56573573080.0,7118399.28675,147128304.039,5433741.50365,21390.999745,0.019133023462153287,0.0,99.98086697653784,Stonewall,TX
342,Sutter_CA,53328737480.0,6481834.71675,137995739.439,4947814.35365,20092.999745,0.020369009366152258,0.0,99.97963099063384,Sutter,CA
343,Sutton_TX,511123774000.0,26398161.0,571629984.0,16613865.1,95339.0,86.35216752850356,0.0,13.647832471496448,Sutton,TX
344,Swift_MN,50431534200.0,3997893.78,86829715.6,2998246.2199999997,12867.0,11.273801196860184,0.0,88.72619880313981,Swift,MN
345,Swisher_TX,139137801050.0,16876863.779,359448540.28,12878136.872,52356.999800000005,0.25676948739144523,0.0,99.74323051260855,Swisher,TX
346,Tarrant_TX,34751573000.0,4224619.8,89937347.0,3224900.6,13095.0,0.0,0.0,100.0,Tarrant,TX
347,Taylor_TX,38611832330.0,3029852.074,64713582.3,2306272.745,9450.00002,1.8883525885960792,0.0,98.11164741140392,Taylor,TX
348,Tehama_CA,117054610000.0,9255127.3,197031130.0,7064982.7,28688.0,0.0,0.0,100.0,Tehama,CA
349,Terrell_TX,193157748000.0,27032881.4,460284222.0,20784711.63,67532.99979999999,13.586505600481264,16.29075123655325,70.12274316296549,Terrell,TX
350,Terry_TX,20951789000.0,2547031.2,54223395.0,1944298.6,7895.0,0.0,0.0,100.0,Terry,TX
351,Throckmorton_TX,17479851000.0,1382074.9,29422802.0,1055019.0,4284.0,0.0,0.0,100.0,Throckmorton,TX
352,Titus_TX,112953864400.0,9214048.29,141190050.0,7119264.5,20163.0,0.0,13.115721866785698,86.8842781332143,Titus,TX
353,Todd_MN,29177039000.0,2306933.5,33096752.0,1761018.0,4704.0,0.0,0.0,100.0,Todd,MN
354,Tom Green_TX,114316750000.0,9038653.9,192422650.0,6899735.8,28017.0,0.0,0.0,100.0,Tom Green,TX
355,Traverse_MN,18427930000.0,1457036.5,20903582.0,1112241.6,2971.0,0.0,0.0,100.0,Traverse,MN
356,Travis_TX,1121739341000.0,91332879.2,1613319640.0,68201162.1,242353.0,27.727550308847015,0.0,72.272449691153,Travis,TX
357,Trinity_CA,30748442000.0,6032160.4,86541251.0,4604702.6,12300.0,0.0,0.0,100.0,Trinity_CA,CA
358,Trinity_TX,205385590000.0,18551062.0,383466700.0,14161116.0,55751.0,0.0,0.0,100.0,Trinity_TX,TX
359,Tulare_CA,41973675000.0,3318721.9,70651813.0,2533375.5,10287.0,0.0,0.0,100.0,Tulare,CA
360,Tuolumne_CA,6222184700.0,1220654.2,17512291.0,931797.14,2489.0,0.0,0.0,100.0,Tuolumne,CA
361,Tyler_TX,8352300300.0,660389.21,14058935.0,504113.9,2047.0,0.0,0.0,100.0,Tyler,TX
362,Upshur_TX,9282287400.0,2803728.5,40224092.0,2140250.8,5717.0,0.0,0.0,100.0,Upshur,TX
363,Upton_TX,28047734000.0,2217643.1,47211098.0,1692857.3,6874.0,0.0,0.0,100.0,Upton,TX
364,Uvalde_TX,9689454340000.0,248578921.0,10020714300.0,162307267.0,1713567.02,88.03117020774594,11.968829792254056,0.0,Uvalde,TX
365,Val Verde_TX,375732730000.0,39612368.7,868995980.0,29437628.5,129881.99799999999,16.69255811725348,0.0,83.30744188274653,Val Verde,TX
366,Van Zandt_TX,4896316700.0,387135.83,8241681.3,295523.54,1200.0,0.0,0.0,100.0,Van Zandt,TX
367,Ventura_CA,45576548000.0,3603589.4,76716317.0,2750831.6,11170.0,0.0,0.0,100.0,Ventura,CA
368,Victoria_TX,8356380500.0,660711.82,14065803.0,504360.17,2048.0,0.0,0.0,100.0,Victoria,TX
369,Wabasha_MN,115615844000.0,9202605.0,205999969.0,6710498.9,31310.9998,27.183720910758012,0.0,72.81627908924199,Wabasha,MN
370,Wadena_MN,325366111000.0,54053847.2,809904634.0,41058686.78,116795.999,7.721085548486982,0.0,92.27891445151303,Wadena,MN
371,Walker_TX,1721062210000.0,145665335.0,5850419700.0,97899160.0,993149.0,83.71616746329101,16.283832536708996,0.0,Walker,TX
372,Waller_TX,42184880000.0,5128259.3,109174800.0,3914701.8,15896.0,0.0,0.0,100.0,Waller,TX
373,Ward_TX,58558856000.0,7118782.7,151550780.0,5434185.3,22066.0,0.0,0.0,100.0,Ward,TX
374,Waseca_MN,177520783230.0,14010592.514,298333101.79,10693128.5221,43446.000166,0.12338343183534387,0.0,99.87661656816465,Waseca,MN
375,Washington_MN,29592613000.0,2339791.6,33568155.0,1786100.5,4771.0,0.0,0.0,100.0,Washington_MN,MN
376,Washington_TX,76182909000.0,8673532.19,187139912.0,6543399.840000001,27573.000099999997,7.620970124321003,0.0,92.379029875679,Washington_TX,TX
377,Watonwan_MN,191076051600.0,15098320.06,323297779.6,11467097.76,47317.000100000005,3.337874541205329,0.0,96.66212545879466,Watonwan,MN
378,Webb_TX,353284581000.0,27972900.6,435855598.0,21148826.66,63639.0002,14.221901933651058,0.0,85.77809806634895,Webb,TX
379,Wharton_TX,486600806000.0,37143122.5,611155190.0,27889985.5,90696.0,22.616214607038902,0.0,77.38378539296112,Wharton,TX
380,Wheeler_TX,160129312000.0,16786687.7,368751689.0,12459505.3,55177.0001,17.40657897782304,0.0,82.59342102217695,Wheeler,TX
381,Wichita_TX,248162419100.0,18530864.94,355050058.0,13753170.39,54494.0006,38.6651884024092,4.738937445528637,56.595874152062166,Wichita,TX
382,Wilbarger_TX,84424916630.0,6698879.334,106787966.1,5068009.489999999,15656.999679999999,15.967610979730187,2.141603671540728,81.89078534872908,Wilbarger,TX
383,Wilkin_MN,138942717000.0,11485702.5,274911613.0,8626299.6,42573.9998,37.39701713438727,15.642534953927445,46.96044791168529,Wilkin,MN
384,Willacy_TX,832125943000.0,65752630.3,1407990493.0,49937524.35,206075.0008,3.354298567592193,0.0,96.6457014324078,Willacy,TX
385,Williamson_TX,189103908000.0,14972111.0,325278965.0,11225261.28,48215.0002,11.445222808481912,0.0,88.55477719151808,Williamson,TX
386,Wilson_TX,19540255200.0,2172737.16,47113947.0,1631809.545,6971.99999,10.394476348815944,0.0,89.60552365118404,Wilson,TX
387,Winkler_TX,346230590000.0,32083923.2,725426310.0,23170145.8,111159.0,32.18295324715048,0.0,67.81704675284954,Winkler,TX
388,Winona_MN,50804992500.0,3852088.71,83801549.0,2884580.38,12435.9998,12.17922824347424,0.0,87.82077175652576,Winona,MN
389,Wise_TX,89631478000.0,5258091.9,108689360.0,4013810.7,15802.0,0.0,0.0,100.0,Wise,TX
390,Wood_TX,1636711400000.0,133300460.0,3144107440.0,100834671.0,484039.99600000004,33.983123576424454,17.723241200919272,48.29363522265627,Wood,TX
391,Wright_MN,101391146000.0,25328836.5,395862675.0,19142653.59,57853.999899999995,14.711160705761332,0.0,85.28883929423867,Wright,MN
392,Yellow Medicine_MN,68560321380.0,5417524.2629,77918400.45,4134359.315,11084.000144,0.4612878323326013,0.0,99.5387121676674,Yellow Medicine,MN
393,Yoakum_TX,563196250000.0,44530095.0,638857370.0,33992439.0,90800.0,0.0,0.0,100.0,Yoakum,TX
394,Yolo_CA,163784995000.0,20131419.9,403557606.0,14781362.5,58579.0,0.0,0.0,100.0,Yolo,CA
395,Young_TX,69301670000.0,5479457.6,78611821.0,4182792.1,11173.0,0.0,0.0,100.0,Young,TX
396,Yuba_CA,92715838000.0,7330739.6,156063100.0,5595984.5,22723.0,0.0,0.0,100.0,Yuba,CA
397,Zapata_TX,50615037000.0,4001966.3,82724148.0,3054936.1,12027.0,0.0,0.0,100.0,Zapata,TX
398,Zavala_TX,49739174000.0,2917871.7,60314963.0,2227383.0,8769.0,0.0,0.0,100.0,Zavala,TX
